Time,qd1,q1,qdot1,u1,qd2,q2,qdot2,u2,r1,rdot1,r2,rdot2,lbd1,lbd2,lbd3,lbd4,Vn1,Vn2,Vn3
139.83,0.0,-1.5708,0.0,0.0007,0.0,-0.0,-0.0,0.0014,-1.5703,0.0116,0.0009,0.0232,0.0,0.0,0.0,0.0,0.0,0.0,0.0016
139.83,0.0,-1.5708,0.0,0.0007,0.0,-0.0,-0.0,0.0014,-1.5703,0.0116,0.0009,0.0232,0.0,0.0,0.0,0.0,0.0,0.0,0.0016
139.93,0.0,-1.5708,0.0,0.0144,0.0,-0.0,-0.0,0.0288,-1.5627,0.0713,0.0161,0.1426,0.0,0.0,0.0,0.0,0.0,0.0,0.0322
139.93,0.0,-1.5708,0.0,0.0144,0.0,-0.0,-0.0,0.0288,-1.5627,0.0713,0.0161,0.1426,0.0,0.0,0.0,0.0,0.0,0.0,0.0322
140.031,0.0,-1.5708,-0.0,0.06,0.0,-0.0,0.0,0.1201,-1.5398,0.1613,0.062,0.3225,0.0,0.0,0.0,0.0,0.0,0.0,0.1343
140.031,0.0,-1.5708,-0.0,0.06,0.0,-0.0,0.0,0.1201,-1.5398,0.1613,0.062,0.3225,0.0,0.0,0.0,0.0,0.0,0.0,0.1343
140.131,0.0,-1.5708,-0.0,0.1542,0.0,-0.0,0.0,0.3085,-1.4976,0.2613,0.1465,0.5226,0.0,0.0,0.0,0.0,0.0,0.0,0.3449
140.131,0.0,-1.5708,-0.0,0.1542,0.0,-0.0,0.0,0.3085,-1.4976,0.2613,0.1465,0.5226,0.0,0.0,0.0,0.0,0.0,0.0,0.3449
140.231,0.0,-1.5709,-0.002,0.3095,0.0,0.0139,0.5694,0.5676,-1.4357,0.3551,0.2702,0.7101,0.0,0.0,0.0,0.0,0.0,0.0,0.6465
140.231,0.0,-1.5709,-0.002,0.3095,0.0,0.0139,0.5694,0.5676,-1.4357,0.3551,0.2702,0.7101,0.0,0.0,0.0,0.0,0.0,0.0,0.6465
140.331,0.0,-1.571,-0.0017,0.533,0.0,0.1006,1.5284,0.6672,-1.3568,0.4299,0.428,0.8598,0.0,0.0,0.0,0.0,0.0,0.0,0.854
140.431,0.0,-1.5708,0.0256,0.8252,0.0,0.2437,1.8704,0.6204,-1.2656,0.4768,0.6104,0.9537,0.0,0.0,0.0,0.0,0.0,0.0,1.0324
140.431,0.0,-1.5708,0.0256,0.8252,0.0,0.2437,1.8704,0.6204,-1.2656,0.4768,0.6104,0.9537,0.0,0.0,0.0,0.0,0.0,0.0,1.0324
140.531,0.0,-1.5609,0.2348,1.1463,0.0,0.3764,1.3808,0.6533,-1.1683,0.4907,0.805,0.9814,0.0,0.0,0.0,0.0,0.0,0.0,1.3193
140.531,0.0,-1.5609,0.2348,1.1463,0.0,0.3764,1.3808,0.6533,-1.1683,0.4907,0.805,0.9814,0.0,0.0,0.0,0.0,0.0,0.0,1.3193
140.631,0.0,-1.5339,0.416,1.4494,0.0,0.4734,1.1468,0.8674,-1.0716,0.47,0.9983,0.94,0.0,0.0,0.0,0.0,0.0,0.0,1.6892
140.631,0.0,-1.5339,0.416,1.4494,0.0,0.4734,1.1468,0.8674,-1.0716,0.47,0.9983,0.94,0.0,0.0,0.0,0.0,0.0,0.0,1.6892
140.731,0.0,-1.497,0.4848,1.7411,0.0,0.5787,1.5219,1.0871,-0.9825,0.4169,1.1767,0.8338,0.0,0.0,0.0,0.0,0.0,0.0,2.0526
140.731,0.0,-1.497,0.4848,1.7411,0.0,0.5787,1.5219,1.0871,-0.9825,0.4169,1.1767,0.8338,0.0,0.0,0.0,0.0,0.0,0.0,2.0526
140.831,0.0,-1.4558,0.5486,2.0221,0.0,0.7179,1.8775,1.1643,-0.9066,0.3375,1.3283,0.675,0.0,0.0,0.0,0.0,0.0,0.0,2.3334
140.831,0.0,-1.4558,0.5486,2.0221,0.0,0.7179,1.8775,1.1643,-0.9066,0.3375,1.3283,0.675,0.0,0.0,0.0,0.0,0.0,0.0,2.3334
140.931,0.0,-1.4072,0.6629,2.2629,0.0,0.8673,1.7616,1.1396,-0.8486,0.2413,1.4444,0.4826,0.0,0.0,0.0,0.0,0.0,0.0001,2.5337
141.031,0.0,-1.3493,0.7483,2.4378,0.0,0.9945,1.3606,1.1147,-0.8103,0.1419,1.5209,0.2837,0.0,0.0,0.0,0.0,0.0,0.0001,2.6806
141.031,0.0,-1.3493,0.7483,2.4378,0.0,0.9945,1.3606,1.1147,-0.8103,0.1419,1.5209,0.2837,0.0,0.0,0.0,0.0,0.0,0.0001,2.6806
141.131,0.0,-1.2884,0.7152,2.5558,0.0,1.0912,1.0287,1.1172,-0.7909,0.0562,1.5597,0.1125,0.0,0.0,0.0,0.0,0.0,0.0001,2.7893
141.131,0.0,-1.2884,0.7152,2.5558,0.0,1.0912,1.0287,1.1172,-0.7909,0.0562,1.5597,0.1125,0.0,0.0,0.0,0.0,0.0,0.0001,2.7893
141.231,0.0,-1.2355,0.5608,2.6539,0.0,1.1679,0.8642,1.1139,-0.7855,0.0053,1.5705,0.0106,0.0,0.0,0.0,0.0,0.0,0.0001,2.8782
141.231,0.0,-1.2355,0.5608,2.6539,0.0,1.1679,0.8642,1.1139,-0.7855,0.0053,1.5705,0.0106,0.0,0.0,0.0,0.0,0.0,0.0001,2.8782
141.331,0.0,-1.1985,0.3534,2.7772,0.0,1.2332,0.7476,1.0897,-0.7835,0.0463,1.5684,-0.0579,0.0,0.0,0.0,0.0,0.0,0.0001,2.9833
141.331,0.0,-1.1985,0.3534,2.7772,0.0,1.2332,0.7476,1.0897,-0.7835,0.0463,1.5684,-0.0579,0.0,0.0,0.0,0.0,0.0,0.0001,2.9833
141.431,0.0,-1.1774,0.1818,2.994,0.0,1.2853,0.4924,1.0142,-0.7531,0.2853,1.5304,-0.3566,0.0,0.0,0.0,0.0,0.0,0.0001,3.1611
141.53,0.0,-1.1649,0.1357,3.3623,0.0,1.3034,0.0013,0.8804,-0.6614,0.645,1.4158,-0.8063,0.0,0.0,0.0,0.0,0.0,0.0002,3.4756
141.53,0.0,-1.1649,0.1357,3.3623,0.0,1.3034,0.0013,0.8804,-0.6614,0.645,1.4158,-0.8063,0.0,0.0,0.0,0.0,0.0,0.0002,3.4756
141.631,0.0,-1.1524,0.216,3.9192,0.0,1.301,-0.1803,0.5776,-0.4924,1.0452,1.2046,-1.3065,0.0,0.0,0.0,0.0,0.0,0.0003,3.9615
141.631,0.0,-1.1524,0.216,3.9192,0.0,1.301,-0.1803,0.5776,-0.4924,1.0452,1.2046,-1.3065,0.0,0.0,0.0,0.0,0.0,0.0003,3.9615
141.731,0.0,-1.1159,0.7037,4.6246,0.0,1.2293,-1.7093,0.2237,-0.245,1.4203,0.8953,-1.7753,0.0,0.0,0.0,0.0,0.0,0.0006,4.63
141.731,0.0,-1.1159,0.7037,4.6246,0.0,1.2293,-1.7093,0.2237,-0.245,1.4203,0.8953,-1.7753,0.0,0.0,0.0,0.0,0.0,0.0006,4.63
141.83,0.0,-1.0246,1.4214,5.3743,0.0,0.9907,-3.761,0.202,0.0706,1.7196,0.5008,-2.1494,0.0,0.0,0.0,0.0,0.0,0.0013,5.3781
141.83,0.0,-1.0246,1.4214,5.3743,0.0,0.9907,-3.761,0.202,0.0706,1.7196,0.5008,-2.1494,0.0,0.0,0.0,0.0,0.0,0.0013,5.3781
141.93,0.0,-0.8754,1.9697,6.0964,0.0,0.6158,-4.5904,0.4868,0.4353,1.9074,0.0449,-2.3842,0.0,0.0,0.0,0.0,0.0,0.0026,6.1158
142.033,0.0,-0.729,2.1619,6.7097,0.0,0.3092,-3.988,0.6639,0.7461,1.9628,-0.3436,-2.4535,0.0,0.0,0.0,0.0,0.0,0.0048,6.7425
142.033,0.0,-0.729,2.1619,6.7097,0.0,0.3092,-3.988,0.6639,0.7461,1.9628,-0.3436,-2.4535,0.0,0.0,0.0,0.0,0.0,0.0048,6.7425
142.133,0.0,-0.5611,2.2953,6.9042,0.0,0.0444,-3.125,0.5461,1.0587,1.9294,-0.7343,-2.4118,0.0,0.0,0.0,0.0,0.0,0.0057,6.9257
142.232,0.0,-0.3645,2.4389,6.9041,0.0,-0.2034,-3.0248,0.2226,1.3949,1.7888,-1.1546,-2.2361,0.0,0.0,0.0,0.0,0.0,0.0059,6.9077
142.335,0.0,-0.1703,2.584,6.9059,0.0,-0.4586,-3.6311,-0.0002,1.6655,1.582,-1.4928,-1.9775,0.0,0.0,0.0,0.0,0.0,0.0064,6.9059
142.335,0.0,-0.1703,2.584,6.9059,0.0,-0.4586,-3.6311,-0.0002,1.6655,1.582,-1.4928,-1.9775,0.0,0.0,0.0,0.0,0.0,0.0064,6.9059
142.435,0.0,0.0211,2.6313,7.0312,0.0,-0.7408,-3.9967,-0.0165,1.8979,1.3137,-1.7833,-1.6421,0.0,0.0,0.0,0.295,0.0,0.0072,7.0312
142.435,0.0,0.0211,2.6313,7.0312,0.0,-0.7408,-3.9967,-0.0165,1.8979,1.3137,-1.7833,-1.6421,0.0,0.0,0.0,0.295,0.0,0.0072,7.0312
142.534,0.0,0.2321,2.6135,6.9972,0.0,-1.0567,-3.7498,0.0996,2.1034,0.9653,-2.0403,-1.2066,0.0,0.0,0.0,0.0,0.0,0.0066,6.9978
142.634,0.0,0.4405,2.674,6.9586,0.0,-1.3278,-3.0555,0.2343,2.2447,0.606,-2.2168,-0.7575,0.0,0.0,0.0,0.0,0.0,0.006,6.9625
142.634,0.0,0.4405,2.674,6.9586,0.0,-1.3278,-3.0555,0.2343,2.2447,0.606,-2.2168,-0.7575,0.0,0.0,0.0,0.0,0.0,0.006,6.9625
142.736,0.0,0.6644,2.9714,6.9679,0.0,-1.5412,-2.2967,0.3401,2.3179,0.3172,-2.3083,-0.3965,0.0,0.0,0.0,0.0273,0.0,0.0059,6.9762
142.837,0.0,0.9054,3.5638,6.9501,0.0,-1.6897,-1.7287,0.4208,2.3518,0.0801,-2.3507,-0.1001,0.0,0.0,0.0,0.0,0.0,0.0057,6.9628
142.936,0.0,1.1932,4.4866,6.6523,0.0,-1.7985,-1.3122,0.4819,2.3562,0.0014,-2.3562,-0.0017,0.0,0.0,0.0,0.0,0.0,0.0042,6.6697
143.037,0.0,1.549,5.73,5.915,0.0,-1.877,-0.9218,0.5088,2.3525,-0.0777,-2.354,0.0466,0.0,0.0,0.0,0.0,0.0,0.0019,5.9368
143.037,0.0,1.549,5.73,5.915,0.0,-1.877,-0.9218,0.5088,2.3525,-0.0777,-2.354,0.0466,0.0,0.0,0.0,0.0,0.0,0.0019,5.9368
143.137,0.0,2.1256,7.6623,4.1643,0.0,-1.9236,-0.0205,0.4514,2.3083,-0.3965,-2.3275,0.2379,0.0,0.0,0.0,0.0,0.0,0.0001,4.1887
143.137,0.0,2.1256,7.6623,4.1643,0.0,-1.9236,-0.0205,0.4514,2.3083,-0.3965,-2.3275,0.2379,0.0,0.0,0.0,0.0,0.0,0.0001,4.1887
143.237,0.0,2.8978,9.6648,1.2192,0.0,-1.8896,1.2988,0.2264,2.1846,-0.8555,-2.2532,0.5133,0.0,0.0,0.0,0.0,0.0,0.0084,1.2401
143.336,0.0,3.6813,9.7898,-2.2061,0.0,-1.6471,5.1255,-0.5979,1.99,-1.3065,-2.1365,0.7839,0.0,0.0,0.0,0.0,0.0001,0.234,2.2434
143.336,0.0,3.6813,9.7898,-2.2061,0.0,-1.6471,5.1255,-0.5979,1.99,-1.3065,-2.1365,0.7839,0.0,0.0,0.0,0.0,0.0001,0.234,2.2434
143.438,0.0,4.2727,7.8404,-5.6431,0.0,-1.2215,6.9065,-2.5325,1.7833,-1.6421,-2.0124,0.9853,0.0,0.0,0.0,0.0,0.2781,1.3019,4.3957
143.538,0.0,4.7443,5.7815,-4.1545,0.0,-0.8074,4.6449,-1.8601,1.532,-1.9393,-1.8617,1.1636,0.0,0.0,0.0,0.0,0.2589,1.1438,3.8638
143.538,0.0,4.7443,5.7815,-4.1545,0.0,-0.8074,4.6449,-1.8601,1.532,-1.9393,-1.8617,1.1636,0.0,0.0,0.0,0.0,0.2589,1.1438,3.8638
143.64,0.0,5.0855,3.4257,-6.9562,0.0,-0.5595,2.3054,-2.1831,1.199,-2.2086,-1.6619,1.3252,0.0,0.0,0.0,1.6619,0.3317,1.4715,5.002
143.741,0.0,5.2334,0.1561,-6.9653,0.0,-0.412,1.529,-1.5153,0.7824,-2.3988,-1.4119,1.4393,0.0,0.0,0.0,0.7248,0.346,1.4264,5.0759
143.741,0.0,5.2334,0.1561,-6.9653,0.0,-0.412,1.529,-1.5153,0.7824,-2.3988,-1.4119,1.4393,0.0,0.0,0.0,0.7248,0.346,1.4264,5.0759
143.841,0.0,5.1253,-2.7811,-6.619,0.0,-0.3142,1.0497,-1.1616,0.3436,-2.4535,-1.1486,1.4721,0.0,0.0,0.0,0.0,0.3639,1.3687,4.955
143.943,0.0,4.807,-5.1645,-6.5536,0.0,-0.2317,1.0208,-1.0236,-0.0449,-2.3842,-0.9156,1.4305,0.0,0.0,0.0,0.0,0.3878,1.3677,4.9235
143.943,0.0,4.807,-5.1645,-6.5536,0.0,-0.2317,1.0208,-1.0236,-0.0449,-2.3842,-0.9156,1.4305,0.0,0.0,0.0,0.0,0.3878,1.3677,4.9235
144.044,0.0,4.3358,-6.5254,-6.3547,0.0,-0.1633,0.6598,-0.8618,-0.4575,-2.1798,-0.668,1.3079,0.0,0.0,0.0,0.0,0.3964,1.3562,4.8292
144.145,0.0,3.8384,-6.8686,-7.1017,0.0,-0.1255,0.4487,-0.6718,-0.785,-1.8999,-0.4715,1.1399,0.0,0.0,0.0,1.6915,0.4687,1.4527,5.1541
144.145,0.0,3.8384,-6.8686,-7.1017,0.0,-0.1255,0.4487,-0.6718,-0.785,-1.8999,-0.4715,1.1399,0.0,0.0,0.0,1.6915,0.4687,1.4527,5.1541
144.246,0.0,3.31,-6.6116,-6.906,0.0,-0.085,0.6253,-0.4509,-1.0617,-1.5492,-0.3055,0.9295,0.0,0.0,0.0,0.0,0.4763,1.4449,5.0527
144.246,0.0,3.31,-6.6116,-6.906,0.0,-0.085,0.6253,-0.4509,-1.0617,-1.5492,-0.3055,0.9295,0.0,0.0,0.0,0.0,0.4763,1.4449,5.0527
144.347,0.0,2.766,-6.1843,-7.0627,0.0,-0.025,0.7235,-0.483,-1.3227,-1.0556,-0.1488,0.6334,0.0,0.0,0.0,0.5781,0.5067,1.4692,5.1341
144.448,0.0,2.2464,-6.1963,-6.7343,0.0,0.0292,0.5443,-0.599,-1.4726,-0.6151,-0.0589,0.3691,0.0,0.0,0.0,0.0,0.4913,1.4358,5.0266
144.448,0.0,2.2464,-6.1963,-6.7343,0.0,0.0292,0.5443,-0.599,-1.4726,-0.6151,-0.0589,0.3691,0.0,0.0,0.0,0.0,0.4913,1.4358,5.0266
144.549,0.0,1.6576,-7.2016,-6.604,0.0,0.0621,0.1299,-0.8122,-1.557,-0.1813,-0.0083,0.1088,0.0,0.0,0.0,0.0,0.5305,1.4712,5.1593
144.649,0.0,1.058,-8.1888,-1.9192,0.0,0.0354,-1.3758,-0.9489,-1.5705,-0.0151,-0.0002,0.0091,0.0,0.0,0.0,0.0,0.9465,1.5785,4.8211
144.749,0.0,0.4523,-9.1312,1.6775,0.0,-0.0881,-1.2855,0.5619,-1.5707,0.003,0.0001,0.006,0.0,0.0,0.0,0.0,1.0318,1.9456,4.7874
144.749,0.0,0.4523,-9.1312,1.6775,0.0,-0.0881,-1.2855,0.5619,-1.5707,0.003,0.0001,0.006,0.0,0.0,0.0,0.0,1.0318,1.9456,4.7874
144.85,0.0,-0.2104,-9.2791,6.4534,0.0,-0.1105,-0.0046,0.9945,-1.5687,0.0304,0.0042,0.0608,0.0,0.0,0.0,1.0576,1.0492,2.2772,5.5959
144.952,0.0,-0.796,-8.3532,5.0821,0.0,-0.127,-0.6073,0.5874,-1.5612,0.0793,0.0192,0.1586,0.0,0.0,0.0,0.0,1.0469,2.2053,5.2833
144.952,0.0,-0.796,-8.3532,5.0821,0.0,-0.127,-0.6073,0.5874,-1.5612,0.0793,0.0192,0.1586,0.0,0.0,0.0,0.0,1.0469,2.2053,5.2833
145.054,0.0,-1.3156,-6.8484,5.7102,0.0,-0.1728,-0.5457,0.9334,-1.5459,0.1419,0.0499,0.2837,0.0,0.0,0.0,0.0,1.0477,2.258,5.4249
145.156,0.0,-1.7084,-4.6301,6.2027,0.0,-0.1927,-0.0659,1.1273,-1.5253,0.2011,0.091,0.4021,0.0,0.0,0.0,0.0,1.0491,2.2967,5.5428
145.258,0.0,-1.9279,-1.8516,6.3233,0.0,-0.1932,0.0045,1.43,-1.4922,0.2712,0.1571,0.5424,0.0,0.0,0.0,0.0,1.0543,2.3148,5.5903
145.359,0.0,-1.9603,0.6921,6.5559,0.0,-0.1707,1.1951,2.0674,-1.4496,0.3375,0.2425,0.675,0.0,0.0,0.0,0.0,1.1452,2.3986,5.7639
145.359,0.0,-1.9603,0.6921,6.5559,0.0,-0.1707,1.1951,2.0674,-1.4496,0.3375,0.2425,0.675,0.0,0.0,0.0,0.0,1.1452,2.3986,5.7639
145.461,0.0,-1.8639,1.9255,3.7667,0.0,-0.0286,2.3415,0.9231,-1.3981,0.3955,0.3453,0.791,0.0,0.0,0.0,0.0,3.0002,2.2194,4.9279
145.564,0.0,-1.6836,3.2413,2.4751,0.0,0.0917,1.3068,0.6604,-1.3394,0.4417,0.4629,0.8835,0.0,0.0,0.0,0.0,2.9986,2.1728,4.7396
145.665,0.0,-1.4577,3.1568,0.2637,0.0,0.2,2.1717,0.7516,-1.2846,0.47,0.5725,0.94,0.0,0.0,0.0,0.0,2.9938,2.1183,4.592
145.665,0.0,-1.4577,3.1568,0.2637,0.0,0.2,2.1717,0.7516,-1.2846,0.47,0.5725,0.94,0.0,0.0,0.0,0.0,2.9938,2.1183,4.592
145.87,0.0,-1.1777,0.6836,-2.6105,0.0,0.4923,1.2347,-0.2178,-1.1487,0.4893,0.8442,0.9786,0.0,0.0,0.0,0.0,2.9917,2.0916,4.7406
145.87,0.0,-1.1777,0.6836,-2.6105,0.0,0.4923,1.2347,-0.2178,-1.1487,0.4893,0.8442,0.9786,0.0,0.0,0.0,0.0,2.9917,2.0916,4.7406
145.972,0.0,-1.1879,-0.903,-1.9398,0.0,0.5658,1.0964,0.3919,-1.0811,0.4736,0.9794,0.9472,0.0,0.0,0.0,0.0,2.9918,2.0946,4.6655
146.074,0.0,-1.2876,-1.8718,0.2472,0.0,0.654,1.4165,0.8624,-1.0168,0.4417,1.1079,0.8835,0.0,0.0,0.0,0.0,2.9919,2.1144,4.5922
146.176,0.0,-1.4149,-1.6527,3.0939,0.0,0.7381,1.0012,1.357,-0.9661,0.4029,1.2095,0.8058,0.0,0.0,0.0,0.0,2.9921,2.1886,4.8366
146.277,0.0,-1.4914,-0.5163,5.6096,0.0,0.8064,1.2107,2.0756,-0.9135,0.3464,1.3146,0.6927,0.0,0.0,0.0,0.0,2.9925,2.2975,5.3347
146.277,0.0,-1.4914,-0.5163,5.6096,0.0,0.8064,1.2107,2.0756,-0.9135,0.3464,1.3146,0.6927,0.0,0.0,0.0,0.0,2.9925,2.2975,5.3347
146.38,0.0,-1.4748,0.9911,6.4721,0.0,0.9162,1.9009,1.9879,-0.8695,0.281,1.4026,0.562,0.0,0.0,0.0,0.0,2.9927,2.334,5.5322
146.482,0.0,-1.3534,2.4936,6.1454,0.0,1.0308,1.3607,1.7178,-0.835,0.2111,1.4716,0.4223,0.0,0.0,0.0,0.0,2.9917,2.3157,5.4432
146.584,0.0,-1.1549,3.1381,4.3147,0.0,1.1165,1.3606,1.6389,-0.8103,0.1419,1.5209,0.2837,0.0,0.0,0.0,0.0,2.9764,2.219,5.0619
146.584,0.0,-1.1549,3.1381,4.3147,0.0,1.1165,1.3606,1.6389,-0.8103,0.1419,1.5209,0.2837,0.0,0.0,0.0,0.0,2.9764,2.219,5.0619
146.685,0.0,-0.9594,2.6672,1.9728,0.0,1.2231,1.7935,0.9971,-0.7966,0.0876,1.5483,0.1752,0.0,0.0,0.0,0.0,2.9237,2.0405,4.7194
146.787,0.0,-0.8451,0.1895,-3.2205,0.0,1.3147,0.5822,-0.3588,-0.7875,0.0304,1.5666,0.0608,0.0,0.0,0.0,0.0,2.9087,1.9809,4.8318
146.888,0.0,-0.8789,-0.9384,1.878,0.0,1.3427,0.335,0.7532,-0.7855,0.003,1.5707,0.006,0.0,0.0,0.0,0.0,2.9445,2.0597,4.8746
146.989,0.0,-0.9605,-1.2705,3.4623,0.0,1.3566,0.0438,1.023,-0.7843,0.0326,1.5694,-0.0408,0.0,0.0,0.0,0.0,2.9571,2.1557,5.0661
147.089,0.0,-1.0411,-0.8707,5.2649,0.0,1.3569,0.005,1.3467,-0.7712,0.1702,1.553,-0.2127,0.0,0.0,0.0,0.0,2.9653,2.2615,5.3992
147.089,0.0,-1.0411,-0.8707,5.2649,0.0,1.3569,0.005,1.3467,-0.7712,0.1702,1.553,-0.2127,0.0,0.0,0.0,0.0,2.9653,2.2615,5.3992
147.189,0.0,-1.0677,0.1731,6.7177,0.0,1.357,0.0034,1.3211,-0.725,0.4195,1.4953,-0.5244,0.0,0.0,0.0,0.0,2.9778,2.3518,5.7324
147.189,0.0,-1.0677,0.1731,6.7177,0.0,1.357,0.0034,1.3211,-0.725,0.4195,1.4953,-0.5244,0.0,0.0,0.0,0.0,2.9778,2.3518,5.7324
147.29,0.0,-1.0162,1.238,6.8107,0.0,1.3528,-0.3158,0.7091,-0.634,0.7241,1.3816,-0.9052,0.0,0.0,0.0,0.0,2.9909,2.3849,5.8108
147.393,0.0,-0.8957,1.864,5.2608,0.0,1.2791,-1.6167,0.3522,-0.4924,1.0452,1.2046,-1.3065,0.0,0.0,0.0,0.0,2.9871,2.3812,5.8134
147.393,0.0,-0.8957,1.864,5.2608,0.0,1.2791,-1.6167,0.3522,-0.4924,1.0452,1.2046,-1.3065,0.0,0.0,0.0,0.0,2.9871,2.3812,5.8134
147.494,0.0,-0.7533,2.078,6.5011,0.0,1.1415,-2.0253,0.651,-0.3004,1.3499,0.9646,-1.6874,0.0,0.0,0.0,0.0,3.0062,2.4098,5.8359
147.595,0.0,-0.5932,2.3511,7.0342,0.0,0.9912,-2.2366,0.4622,-0.0628,1.6115,0.6675,-2.0144,0.0,0.0,0.0,0.2775,3.0333,2.455,5.8845
147.595,0.0,-0.5932,2.3511,7.0342,0.0,0.9912,-2.2366,0.4622,-0.0628,1.6115,0.6675,-2.0144,0.0,0.0,0.0,0.2775,3.0333,2.455,5.8845
147.695,0.0,-0.4094,2.5573,6.9,0.0,0.7901,-3.1974,0.2178,0.2119,1.8096,0.3242,-2.2619,0.0,0.0,0.0,0.0,3.0248,2.4358,5.8492
147.797,0.0,-0.2228,2.5256,6.987,0.0,0.5372,-3.5825,0.3466,0.5121,1.9294,-0.0511,-2.4118,0.0,0.0,0.0,0.0,3.0149,2.4134,5.8145
147.797,0.0,-0.2228,2.5256,6.987,0.0,0.5372,-3.5825,0.3466,0.5121,1.9294,-0.0511,-2.4118,0.0,0.0,0.0,0.0,3.0149,2.4134,5.8145
147.896,0.0,-0.0407,2.4058,6.8395,0.0,0.2718,-3.6674,0.1956,0.8247,1.9628,-0.4418,-2.4535,0.0,0.0,0.0,0.0,2.9984,2.3772,5.7401
147.999,0.0,0.1332,2.3709,6.6171,0.0,-0.0161,-4.2057,0.1739,1.1354,1.9074,-0.8303,-2.3842,0.0,0.0,0.0,0.0,2.9916,2.3572,5.6826
148.1,0.0,0.3052,2.221,6.9023,0.0,-0.3281,-4.0409,0.3316,1.4305,1.7669,-1.199,-2.2086,0.0,0.0,0.0,0.0,3.0009,2.3823,5.7445
148.201,0.0,0.466,2.1771,6.4454,0.0,-0.618,-3.8917,0.2963,1.6968,1.5514,-1.532,-1.9393,0.0,0.0,0.0,0.0,2.993,2.3542,5.6517
148.201,0.0,0.466,2.1771,6.4454,0.0,-0.618,-3.8917,0.2963,1.6968,1.5514,-1.532,-1.9393,0.0,0.0,0.0,0.0,2.993,2.3542,5.6517
148.303,0.0,0.6283,2.2697,6.934,0.0,-0.8993,-3.7169,0.4776,1.9238,1.2768,-1.8157,-1.596,0.0,0.0,0.0,0.0,3.0238,2.4194,5.7809
148.404,0.0,0.8009,2.4896,7.0005,0.0,-1.1517,-3.1701,0.6181,2.1034,0.9653,-2.0403,-1.2066,0.0,0.0,0.0,0.4815,3.0615,2.468,5.8292
148.404,0.0,0.8009,2.4896,7.0005,0.0,-1.1517,-3.1701,0.6181,2.1034,0.9653,-2.0403,-1.2066,0.0,0.0,0.0,0.4815,3.0615,2.468,5.8292
148.505,0.0,1.0032,3.036,6.3906,0.0,-1.3664,-2.6384,0.6445,2.2322,0.645,-2.2012,-0.8063,0.0,0.0,0.0,0.0,3.1111,2.5443,5.9076
148.505,0.0,1.0032,3.036,6.3906,0.0,-1.3664,-2.6384,0.6445,2.2322,0.645,-2.2012,-0.8063,0.0,0.0,0.0,0.0,3.1111,2.5443,5.9076
148.606,0.0,1.2092,2.5849,2.083,0.0,-1.538,-2.2303,0.1757,2.3112,0.3503,-2.3,-0.4379,0.0,0.0,0.0,0.0,3.1108,2.5425,5.9088
148.707,0.0,1.3747,2.1756,1.5912,0.0,-1.6897,-2.121,0.3203,2.3451,0.1451,-2.3424,-0.1813,0.0,0.0,0.0,0.0,3.1116,2.544,5.91
148.707,0.0,1.3747,2.1756,1.5912,0.0,-1.6897,-2.121,0.3203,2.3451,0.1451,-2.3424,-0.1813,0.0,0.0,0.0,0.0,3.1116,2.544,5.91
148.809,0.0,1.5173,1.7947,1.0314,0.0,-1.8292,-1.6951,0.5505,2.356,0.0121,-2.3559,-0.0151,0.0,0.0,0.0,0.0,3.1117,2.5446,5.9107
148.91,0.0,1.633,1.4512,0.381,0.0,-1.9259,-1.0439,0.6387,2.3555,-0.0265,-2.3558,0.0159,0.0,0.0,0.0,0.0,3.1114,2.5439,5.9107
149.012,0.0,1.7193,1.0614,-0.6059,0.0,-1.984,-0.7045,0.5225,2.3384,-0.2127,-2.3455,0.1276,0.0,0.0,0.0,0.0,3.1115,2.5439,5.9108
149.012,0.0,1.7193,1.0614,-0.6059,0.0,-1.984,-0.7045,0.5225,2.3384,-0.2127,-2.3455,0.1276,0.0,0.0,0.0,0.0,3.1115,2.5439,5.9108
149.213,0.0,1.7983,0.0984,-1.7217,0.0,-2.0639,-0.4176,0.5955,2.2012,-0.8063,-2.2632,0.4838,0.0,0.0,0.0,0.0,3.1128,2.5453,5.9113
149.213,0.0,1.7983,0.0984,-1.7217,0.0,-2.0639,-0.4176,0.5955,2.2012,-0.8063,-2.2632,0.4838,0.0,0.0,0.0,0.0,3.1128,2.5453,5.9113
149.313,0.0,1.7829,-0.5377,-1.164,0.0,-2.0818,-0.0131,0.9603,2.0403,-1.2066,-2.1666,0.724,0.0,0.0,0.0,0.0,3.1143,2.5462,5.9125
149.414,0.0,1.7229,-1.171,-2.1689,0.0,-2.0789,0.216,1.1623,1.8471,-1.5492,-2.0507,0.9295,0.0,0.0,0.0,0.0,3.1161,2.5477,5.914
149.414,0.0,1.7229,-1.171,-2.1689,0.0,-2.0789,0.216,1.1623,1.8471,-1.5492,-2.0507,0.9295,0.0,0.0,0.0,0.0,3.1161,2.5477,5.914
149.514,0.0,1.6115,-1.9386,-2.4647,0.0,-2.0229,1.4916,1.3572,1.5704,-1.8999,-1.8847,1.1399,0.0,0.0,0.0,0.0,3.1184,2.5482,5.9159
149.616,0.0,1.4499,-2.6548,-0.2052,0.0,-1.8729,2.6763,1.3666,1.2862,-2.1494,-1.7142,1.2897,0.0,0.0,0.0,0.0,3.1207,2.547,5.9176
149.616,0.0,1.4499,-2.6548,-0.2052,0.0,-1.8729,2.6763,1.3666,1.2862,-2.1494,-1.7142,1.2897,0.0,0.0,0.0,0.0,3.1207,2.547,5.9176
149.717,0.0,1.2585,-3.1116,1.3942,0.0,-1.6858,2.8036,1.0735,0.9718,-2.3303,-1.5255,1.3982,0.0,0.0,0.0,0.0,3.1221,2.5463,5.9185
149.818,0.0,1.034,-3.3658,1.3364,0.0,-1.5093,2.2181,0.7045,0.5887,-2.4404,-1.2957,1.4643,0.0,0.0,0.0,0.0,3.1223,2.545,5.9189
149.918,0.0,0.8026,-3.5269,2.5358,0.0,-1.374,1.9027,0.8507,0.2456,-2.4465,-1.0898,1.4679,0.0,0.0,0.0,0.0,3.1176,2.5377,5.9175
150.019,0.0,0.5474,-3.6516,3.5406,0.0,-1.2261,2.3397,0.9941,-0.1396,-2.3499,-0.8587,1.4099,0.0,0.0,0.0,0.0,3.1005,2.514,5.9098
150.019,0.0,0.5474,-3.6516,3.5406,0.0,-1.2261,2.3397,0.9941,-0.1396,-2.3499,-0.8587,1.4099,0.0,0.0,0.0,0.0,3.1005,2.514,5.9098
150.019,0.0,0.5474,-3.6516,3.5406,0.0,-1.2261,2.3397,0.9941,-0.1396,-2.3499,-0.8587,1.4099,0.0,0.0,0.0,0.0,3.1005,2.514,5.9098
150.222,0.0,0.0327,-3.3947,5.4686,0.0,-0.8813,1.8886,0.7374,-0.785,-1.8999,-0.4715,1.1399,0.0,0.0,0.0,0.0,3.0354,2.4285,5.8674
150.222,0.0,0.0327,-3.3947,5.4686,0.0,-0.8813,1.8886,0.7374,-0.785,-1.8999,-0.4715,1.1399,0.0,0.0,0.0,0.0,3.0354,2.4285,5.8674
150.322,0.0,-0.1945,-3.0995,5.8446,0.0,-0.7652,1.6041,1.0073,-1.0617,-1.5492,-0.3055,0.9295,0.0,0.0,0.0,0.0,2.9994,2.3789,5.8364
150.322,0.0,-0.1945,-3.0995,5.8446,0.0,-0.7652,1.6041,1.0073,-1.0617,-1.5492,-0.3055,0.9295,0.0,0.0,0.0,0.0,2.9994,2.3789,5.8364
150.422,0.0,-0.4027,-2.7523,5.8651,0.0,-0.6387,1.9061,1.0,-1.2785,-1.1564,-0.1754,0.6938,0.0,0.0,0.0,0.0,2.9644,2.3291,5.7975
150.524,0.0,-0.5829,-2.2553,5.0984,0.0,-0.5169,1.3695,0.7229,-1.4158,-0.8063,-0.093,0.4838,0.0,0.0,0.0,0.0,2.9103,2.2571,5.7487
150.625,0.0,-0.7298,-1.8881,4.6809,0.0,-0.4393,0.9046,0.7706,-1.5146,-0.4379,-0.0337,0.2627,0.0,0.0,0.0,0.0,2.8554,2.1915,5.7168
150.625,0.0,-0.7298,-1.8881,4.6809,0.0,-0.4393,0.9046,0.7706,-1.5146,-0.4379,-0.0337,0.2627,0.0,0.0,0.0,0.0,2.8554,2.1915,5.7168
150.726,0.0,-0.8511,-1.5152,4.5003,0.0,-0.3763,0.8904,0.8138,-1.5603,-0.152,-0.0063,0.0912,0.0,0.0,0.0,0.0,2.8294,2.1618,5.7035
150.827,0.0,-0.9493,-1.2013,3.3746,0.0,-0.3144,0.7615,0.5906,-1.5707,-0.0068,-0.0001,0.0041,0.0,0.0,0.0,0.0,2.7957,2.1291,5.6914
150.928,0.0,-1.029,-1.0499,2.9037,0.0,-0.2698,0.4867,0.5036,-1.5707,0.0053,0.0003,0.0106,0.0,0.0,0.0,0.0,2.7728,2.1101,5.6861
151.027,0.0,-1.0966,-0.861,2.8426,0.0,-0.2415,0.3823,0.5956,-1.5672,0.0425,0.0071,0.0851,0.0,0.0,0.0,0.0,2.7649,2.1031,5.6846
151.027,0.0,-1.0966,-0.861,2.8426,0.0,-0.2415,0.3823,0.5956,-1.5672,0.0425,0.0071,0.0851,0.0,0.0,0.0,0.0,2.7649,2.1031,5.6846
151.13,0.0,-1.1523,-0.6879,2.7043,0.0,-0.2051,0.6551,0.6661,-1.5557,0.1049,0.0302,0.2097,0.0,0.0,0.0,0.0,2.7578,2.0969,5.6834
151.232,0.0,-1.1948,-0.4918,2.3186,0.0,-0.1505,0.819,0.6068,-1.5329,0.181,0.0757,0.3621,0.0,0.0,0.0,0.0,2.7502,2.0912,5.6821
151.232,0.0,-1.1948,-0.4918,2.3186,0.0,-0.1505,0.819,0.6068,-1.5329,0.181,0.0757,0.3621,0.0,0.0,0.0,0.0,2.7502,2.0912,5.6821
151.232,0.0,-1.1948,-0.4918,2.3186,0.0,-0.1505,0.819,0.6068,-1.5329,0.181,0.0757,0.3621,0.0,0.0,0.0,0.0,2.7502,2.0912,5.6821
151.434,0.0,-1.2339,-0.094,2.5121,0.0,-0.0334,0.9968,0.7896,-1.4562,0.3284,0.2292,0.6568,0.0,0.0,0.0,0.0,2.7444,2.0858,5.6813
151.434,0.0,-1.2339,-0.094,2.5121,0.0,-0.0334,0.9968,0.7896,-1.4562,0.3284,0.2292,0.6568,0.0,0.0,0.0,0.0,2.7444,2.0858,5.6813
151.534,0.0,-1.2358,0.008,3.0854,0.0,0.0493,1.4584,0.9298,-1.406,0.3879,0.3297,0.7757,0.0,0.0,0.0,0.0,2.7487,2.0889,5.6822
151.634,0.0,-1.2278,0.231,3.1978,0.0,0.1589,1.5214,0.8501,-1.3394,0.4417,0.4629,0.8835,0.0,0.0,0.0,0.0,2.7552,2.0954,5.6839
151.634,0.0,-1.2278,0.231,3.1978,0.0,0.1589,1.5214,0.8501,-1.3394,0.4417,0.4629,0.8835,0.0,0.0,0.0,0.0,2.7552,2.0954,5.6839
151.736,0.0,-1.2056,0.3813,3.3957,0.0,0.2612,1.364,0.9733,-1.2656,0.4768,0.6104,0.9537,0.0,0.0,0.0,0.0,2.7543,2.0941,5.6838
151.837,0.0,-1.1744,0.4684,3.6573,0.0,0.3679,1.6575,1.1955,-1.1879,0.4907,0.7658,0.9814,0.0,0.0,0.0,0.0,2.7615,2.0998,5.6858
151.837,0.0,-1.1744,0.4684,3.6573,0.0,0.3679,1.6575,1.1955,-1.1879,0.4907,0.7658,0.9814,0.0,0.0,0.0,0.0,2.7615,2.0998,5.6858
151.937,0.0,-1.1397,0.5172,3.5644,0.0,0.4968,1.9037,1.161,-1.1194,0.4846,0.9027,0.9692,0.0,0.0,0.0,0.0,2.7625,2.101,5.6862
152.039,0.0,-1.1007,0.5739,3.7232,0.0,0.6279,1.7148,1.1472,-1.0438,0.4573,1.054,0.9145,0.0,0.0,0.0,0.0,2.7643,2.1032,5.6869
152.039,0.0,-1.1007,0.5739,3.7232,0.0,0.6279,1.7148,1.1472,-1.0438,0.4573,1.054,0.9145,0.0,0.0,0.0,0.0,2.7643,2.1032,5.6869
152.141,0.0,-1.0585,0.5822,3.9488,0.0,0.7467,1.6259,1.2651,-0.9742,0.41,1.1932,0.8201,0.0,0.0,0.0,0.0,2.7699,2.1089,5.6889
152.242,0.0,-1.0186,0.5359,4.042,0.0,0.8659,1.7089,1.2688,-0.9135,0.3464,1.3146,0.6927,0.0,0.0,0.0,0.0,2.7728,2.1121,5.6901
152.343,0.0,-0.9815,0.4836,4.0832,0.0,0.9863,1.5175,1.1537,-0.864,0.2712,1.4137,0.5424,0.0,0.0,0.0,0.0,2.7736,2.1137,5.6906
152.343,0.0,-0.9815,0.4836,4.0832,0.0,0.9863,1.5175,1.1537,-0.864,0.2712,1.4137,0.5424,0.0,0.0,0.0,0.0,2.7736,2.1137,5.6906
152.444,0.0,-0.9484,0.426,4.1956,0.0,1.0837,1.1884,1.1275,-0.827,0.191,1.4877,0.3821,0.0,0.0,0.0,0.0,2.7765,2.1174,5.6918
152.545,0.0,-0.9202,0.3365,4.2997,0.0,1.1642,1.0302,1.1342,-0.8027,0.1139,1.5362,0.2277,0.0,0.0,0.0,0.0,2.7794,2.121,5.6932
152.545,0.0,-0.9202,0.3365,4.2997,0.0,1.1642,1.0302,1.1342,-0.8027,0.1139,1.5362,0.2277,0.0,0.0,0.0,0.0,2.7794,2.121,5.6932
152.646,0.0,-0.8992,0.2497,4.3697,0.0,1.2338,0.8775,1.0593,-0.7899,0.0492,1.5619,0.0984,0.0,0.0,0.0,0.0,2.7807,2.123,5.6939
152.746,0.0,-0.8836,0.1949,4.5176,0.0,1.2868,0.6028,1.0133,-0.7857,0.0082,1.5702,0.0163,0.0,0.0,0.0,0.0,2.7827,2.1257,5.6948
152.746,0.0,-0.8836,0.1949,4.5176,0.0,1.2868,0.6028,1.0133,-0.7857,0.0082,1.5702,0.0163,0.0,0.0,0.0,0.0,2.7827,2.1257,5.6948
152.948,0.0,-0.8573,0.2317,5.1416,0.0,1.3545,0.4197,1.0785,-0.777,0.1216,1.5603,-0.152,0.0,0.0,0.0,0.0,2.7945,2.1423,5.7032
152.948,0.0,-0.8573,0.2317,5.1416,0.0,1.3545,0.4197,1.0785,-0.777,0.1216,1.5603,-0.152,0.0,0.0,0.0,0.0,2.7945,2.1423,5.7032
152.948,0.0,-0.8573,0.2317,5.1416,0.0,1.3545,0.4197,1.0785,-0.777,0.1216,1.5603,-0.152,0.0,0.0,0.0,0.0,2.7945,2.1423,5.7032
153.149,0.0,-0.7901,0.7412,5.9287,0.0,1.3734,-0.0986,0.5319,-0.6614,0.645,1.4158,-0.8063,0.0,0.0,0.0,0.0,2.8192,2.1847,5.7316
153.149,0.0,-0.7901,0.7412,5.9287,0.0,1.3734,-0.0986,0.5319,-0.6614,0.645,1.4158,-0.8063,0.0,0.0,0.0,0.0,2.8192,2.1847,5.7316
153.249,0.0,-0.7202,1.2107,6.2163,0.0,1.3261,-1.3838,0.13,-0.5327,0.9653,1.2549,-1.2066,0.0,0.0,0.0,0.0,2.8372,2.2191,5.7614
153.249,0.0,-0.7202,1.2107,6.2163,0.0,1.3261,-1.3838,0.13,-0.5327,0.9653,1.2549,-1.2066,0.0,0.0,0.0,0.0,2.8372,2.2191,5.7614
153.351,0.0,-0.6205,1.5568,6.5797,0.0,1.1877,-2.2489,0.4828,-0.353,1.2768,1.0303,-1.596,0.0,0.0,0.0,0.0,2.8558,2.2566,5.8067
153.451,0.0,-0.5044,1.7394,6.8393,0.0,1.0353,-2.0907,0.4935,-0.1568,1.5199,0.785,-1.8999,0.0,0.0,0.0,0.0,2.8698,2.2874,5.8486
153.552,0.0,-0.3703,1.9816,6.5897,0.0,0.8634,-2.8739,0.0867,0.1052,1.7438,0.4575,-2.1798,0.0,0.0,0.0,0.0,2.8551,2.2474,5.7714
153.552,0.0,-0.3703,1.9816,6.5897,0.0,0.8634,-2.8739,0.0867,0.1052,1.7438,0.4575,-2.1798,0.0,0.0,0.0,0.0,2.8551,2.2474,5.7714
153.653,0.0,-0.2358,2.1063,7.0234,0.0,0.6429,-3.7245,0.2444,0.3973,1.8943,0.0924,-2.3679,0.0,0.0,0.0,0.1551,2.868,2.2888,5.8489
153.753,0.0,-0.0919,2.0013,6.5754,0.0,0.3846,-3.6144,0.3122,0.6677,1.9572,-0.2456,-2.4465,0.0,0.0,0.0,0.0,2.8563,2.2414,5.7357
153.753,0.0,-0.0919,2.0013,6.5754,0.0,0.3846,-3.6144,0.3122,0.6677,1.9572,-0.2456,-2.4465,0.0,0.0,0.0,0.0,2.8563,2.2414,5.7357
153.853,0.0,0.0483,1.9326,6.8954,0.0,0.1194,-3.9139,0.1256,0.9812,1.9461,-0.6374,-2.4326,0.0,0.0,0.0,0.0,2.8613,2.2711,5.7973
153.953,0.0,0.1772,1.8858,7.0828,0.0,-0.1592,-4.2589,0.2666,1.2487,1.8643,-0.9718,-2.3303,0.0,0.0,0.0,1.1766,2.8626,2.2897,5.8427
154.053,0.0,0.3076,1.7176,6.5377,0.0,-0.4566,-3.9316,0.3167,1.5344,1.6942,-1.3289,-2.1177,0.0,0.0,0.0,0.0,2.8582,2.2496,5.7136
154.053,0.0,0.3076,1.7176,6.5377,0.0,-0.4566,-3.9316,0.3167,1.5344,1.6942,-1.3289,-2.1177,0.0,0.0,0.0,0.0,2.8582,2.2496,5.7136
154.154,0.0,0.424,1.6801,7.0206,0.0,-0.7231,-3.8352,0.3207,1.7871,1.4543,-1.6448,-1.8179,0.0,0.0,0.0,0.1565,2.8625,2.2956,5.827
154.255,0.0,0.5507,1.7108,6.4687,0.0,-1.0016,-3.5308,0.4261,1.997,1.1629,-1.9072,-1.4537,0.0,0.0,0.0,0.0,2.858,2.2607,5.7093
154.255,0.0,0.5507,1.7108,6.4687,0.0,-1.0016,-3.5308,0.4261,1.997,1.1629,-1.9072,-1.4537,0.0,0.0,0.0,0.0,2.858,2.2607,5.7093
154.356,0.0,0.6708,1.8584,6.872,0.0,-1.223,-3.0139,0.5254,2.1405,0.8848,-2.0865,-1.106,0.0,0.0,0.0,0.0,2.8801,2.3266,5.8299
154.456,0.0,0.8197,2.1746,6.5681,0.0,-1.426,-2.472,0.5457,2.2564,0.5675,-2.2315,-0.7093,0.0,0.0,0.0,0.0,2.9328,2.3547,5.8362
154.456,0.0,0.8197,2.1746,6.5681,0.0,-1.426,-2.472,0.5457,2.2564,0.5675,-2.2315,-0.7093,0.0,0.0,0.0,0.0,2.9328,2.3547,5.8362
154.558,0.0,0.9929,2.7644,6.4318,0.0,-1.5841,-1.9849,0.6414,2.3239,0.2853,-2.3158,-0.3566,0.0,0.0,0.0,0.0,3.0175,2.4767,5.9702
154.658,0.0,1.1755,2.4297,2.6051,0.0,-1.6935,-1.2875,0.3458,2.35,0.0999,-2.3485,-0.1249,0.0,0.0,0.0,0.0,3.0215,2.4823,5.9751
154.658,0.0,1.1755,2.4297,2.6051,0.0,-1.6935,-1.2875,0.3458,2.35,0.0999,-2.3485,-0.1249,0.0,0.0,0.0,0.0,3.0215,2.4823,5.9751
154.86,0.0,1.4516,1.7861,1.0984,0.0,-1.8658,-1.4142,0.3414,2.3538,-0.0579,-2.3548,0.0347,0.0,0.0,0.0,0.0,3.023,2.4842,5.9759
154.86,0.0,1.4516,1.7861,1.0984,0.0,-1.8658,-1.4142,0.3414,2.3538,-0.0579,-2.3548,0.0347,0.0,0.0,0.0,0.0,3.023,2.4842,5.9759
154.961,0.0,1.5587,1.3418,0.6305,0.0,-1.9572,-1.1954,0.5641,2.3338,-0.246,-2.3428,0.1476,0.0,0.0,0.0,0.0,3.0235,2.4849,5.9765
155.061,0.0,1.6307,0.7807,0.6112,0.0,-2.0194,-0.5995,0.7873,2.2807,-0.5244,-2.3109,0.3146,0.0,0.0,0.0,0.0,3.0245,2.4861,5.9768
155.061,0.0,1.6307,0.7807,0.6112,0.0,-2.0194,-0.5995,0.7873,2.2807,-0.5244,-2.3109,0.3146,0.0,0.0,0.0,0.0,3.0245,2.4861,5.9768
155.164,0.0,1.6613,0.1174,-1.2198,0.0,-2.0368,0.0028,0.6969,2.1669,-0.9052,-2.2426,0.5431,0.0,0.0,0.0,0.0,3.0261,2.4878,5.9773
155.265,0.0,1.6493,-0.5095,-0.6288,0.0,-2.0367,0.0006,0.9102,2.0156,-1.2567,-2.1519,0.754,0.0,0.0,0.0,0.0,3.028,2.4897,5.978
155.365,0.0,1.5992,-1.126,-1.0879,0.0,-2.0337,0.2216,1.1976,1.8157,-1.596,-2.0319,0.9576,0.0,0.0,0.0,0.0,3.0303,2.4922,5.9786
155.365,0.0,1.5992,-1.126,-1.0879,0.0,-2.0337,0.2216,1.1976,1.8157,-1.596,-2.0319,0.9576,0.0,0.0,0.0,0.0,3.0303,2.4922,5.9786
155.465,0.0,1.4989,-1.8159,0.0858,0.0,-1.9817,1.3712,1.4873,1.5704,-1.8999,-1.8847,1.1399,0.0,0.0,0.0,0.0,3.0331,2.4955,5.9796
155.568,0.0,1.352,-2.4538,-1.7251,0.0,-1.8487,2.3814,1.0271,1.2429,-2.1798,-1.6882,1.3079,0.0,0.0,0.0,0.0,3.0374,2.5001,5.9813
155.667,0.0,1.1679,-2.9072,0.5651,0.0,-1.681,2.4093,0.8349,0.925,-2.3499,-1.4975,1.4099,0.0,0.0,0.0,0.0,3.0425,2.5054,5.9829
155.769,0.0,0.9577,-3.2248,2.8276,0.0,-1.5316,1.9908,0.8595,0.5887,-2.4404,-1.2957,1.4643,0.0,0.0,0.0,0.0,3.0484,2.5117,5.9847
155.869,0.0,0.7436,-3.4709,3.3346,0.0,-1.408,1.9786,0.9405,0.2456,-2.4465,-1.0898,1.4679,0.0,0.0,0.0,0.0,3.0549,2.5189,5.9873
155.869,0.0,0.7436,-3.4709,3.3346,0.0,-1.408,1.9786,0.9405,0.2456,-2.4465,-1.0898,1.4679,0.0,0.0,0.0,0.0,3.0549,2.5189,5.9873
155.97,0.0,0.5106,-3.6548,4.5958,0.0,-1.2659,2.4066,1.039,-0.0924,-2.3679,-0.887,1.4207,0.0,0.0,0.0,0.0,3.064,2.5288,5.9911
156.07,0.0,0.2605,-3.6716,4.3478,0.0,-1.0938,2.5281,0.7552,-0.4575,-2.1798,-0.668,1.3079,0.0,0.0,0.0,0.0,3.0774,2.5435,5.9972
156.07,0.0,0.2605,-3.6716,4.3478,0.0,-1.0938,2.5281,0.7552,-0.4575,-2.1798,-0.668,1.3079,0.0,0.0,0.0,0.0,3.0774,2.5435,5.9972
156.17,0.0,0.016,-3.5058,5.3286,0.0,-0.9381,2.0026,0.6936,-0.7466,-1.9393,-0.4945,1.1636,0.0,0.0,0.0,0.0,3.0915,2.5588,6.0045
156.27,0.0,-0.2131,-3.2361,5.8116,0.0,-0.8166,1.6986,0.8957,-0.9979,-1.6421,-0.3438,0.9853,0.0,0.0,0.0,0.0,3.1049,2.5733,6.0125
156.372,0.0,-0.4186,-2.905,5.6201,0.0,-0.6984,1.8466,0.9265,-1.2302,-1.2567,-0.2043,0.754,0.0,0.0,0.0,0.0,3.1143,2.5835,6.0185
156.372,0.0,-0.4186,-2.905,5.6201,0.0,-0.6984,1.8466,0.9265,-1.2302,-1.2567,-0.2043,0.754,0.0,0.0,0.0,0.0,3.1143,2.5835,6.0185
156.473,0.0,-0.5927,-2.4901,5.2533,0.0,-0.5832,1.6347,0.7549,-1.3816,-0.9052,-0.1135,0.5431,0.0,0.0,0.0,0.0,3.114,2.5836,6.0188
156.573,0.0,-0.7433,-2.0268,4.8001,0.0,-0.4925,1.1019,0.7053,-1.4844,-0.5693,-0.0518,0.3416,0.0,0.0,0.0,0.0,3.1079,2.5776,6.016
156.672,0.0,-0.8662,-1.6077,4.2999,0.0,-0.4268,0.9066,0.7474,-1.5432,-0.2812,-0.0166,0.1687,0.0,0.0,0.0,0.0,3.1019,2.5718,6.0136
156.774,0.0,-0.9633,-1.2738,3.7378,0.0,-0.3646,0.9195,0.6647,-1.5684,-0.0579,-0.0014,0.0347,0.0,0.0,0.0,0.0,3.0945,2.5655,6.0113
156.774,0.0,-0.9633,-1.2738,3.7378,0.0,-0.3646,0.9195,0.6647,-1.5684,-0.0579,-0.0014,0.0347,0.0,0.0,0.0,0.0,3.0945,2.5655,6.0113
156.875,0.0,-1.0422,-1.0513,2.6957,0.0,-0.3072,0.7242,0.4666,-1.5708,-0.0,-0.0,0.0,0.0,0.0,0.0,0.0,3.0862,2.5596,6.0094
156.977,0.0,-1.1062,-0.8916,2.5384,0.0,-0.2692,0.4392,0.4503,-1.5701,0.0155,0.0015,0.0311,0.0,0.0,0.0,0.0,3.0818,2.5565,6.0086
156.977,0.0,-1.1062,-0.8916,2.5384,0.0,-0.2692,0.4392,0.4503,-1.5701,0.0155,0.0015,0.0311,0.0,0.0,0.0,0.0,3.0818,2.5565,6.0086
157.077,0.0,-1.1584,-0.7332,2.4163,0.0,-0.2434,0.4317,0.5536,-1.5653,0.0562,0.011,0.1125,0.0,0.0,0.0,0.0,3.0795,2.5545,6.0082
157.178,0.0,-1.2014,-0.5792,2.1933,0.0,-0.2069,0.6981,0.6029,-1.5535,0.1139,0.0346,0.2277,0.0,0.0,0.0,0.0,3.0785,2.5535,6.008
157.279,0.0,-1.2346,-0.4011,2.3704,0.0,-0.1528,0.8623,0.6071,-1.5292,0.191,0.0831,0.3821,0.0,0.0,0.0,0.0,3.0778,2.5532,6.0079
157.279,0.0,-1.2346,-0.4011,2.3704,0.0,-0.1528,0.8623,0.6071,-1.5292,0.191,0.0831,0.3821,0.0,0.0,0.0,0.0,3.0778,2.5532,6.0079
157.38,0.0,-1.2555,-0.2034,2.1222,0.0,-0.0937,0.8617,0.616,-1.4976,0.2613,0.1465,0.5226,0.0,0.0,0.0,0.0,3.0785,2.5536,6.0081
157.482,0.0,-1.2636,-0.0297,2.0324,0.0,-0.0331,0.9849,0.7194,-1.4562,0.3284,0.2292,0.6568,0.0,0.0,0.0,0.0,3.0807,2.5549,6.0085
157.582,0.0,-1.2622,0.0985,3.0158,0.0,0.0437,1.3807,0.8649,-1.406,0.3879,0.3297,0.7757,0.0,0.0,0.0,0.0,3.0886,2.5609,6.0103
157.682,0.0,-1.2507,0.2416,3.3637,0.0,0.1433,1.5139,0.8754,-1.3394,0.4417,0.4629,0.8835,0.0,0.0,0.0,0.0,3.0917,2.5634,6.011
157.682,0.0,-1.2507,0.2416,3.3637,0.0,0.1433,1.5139,0.8754,-1.3394,0.4417,0.4629,0.8835,0.0,0.0,0.0,0.0,3.0917,2.5634,6.011
157.783,0.0,-1.2291,0.383,3.3565,0.0,0.2415,1.4282,0.9469,-1.2751,0.4736,0.5914,0.9472,0.0,0.0,0.0,0.0,3.0964,2.5673,6.0122
157.884,0.0,-1.1995,0.4766,3.4116,0.0,0.3404,1.572,1.0987,-1.2075,0.4893,0.7266,0.9786,0.0,0.0,0.0,0.0,3.1024,2.5725,6.0139
157.983,0.0,-1.1658,0.5296,3.4714,0.0,0.4525,1.8215,1.1687,-1.1389,0.4881,0.8638,0.9762,0.0,0.0,0.0,0.0,3.1083,2.5782,6.0158
158.086,0.0,-1.1305,0.5728,3.5482,0.0,0.5703,1.8439,1.1603,-1.0716,0.47,0.9983,0.94,0.0,0.0,0.0,0.0,3.1139,2.5838,6.0176
158.086,0.0,-1.1305,0.5728,3.5482,0.0,0.5703,1.8439,1.1603,-1.0716,0.47,0.9983,0.94,0.0,0.0,0.0,0.0,3.1139,2.5838,6.0176
158.187,-1.5708,-1.0896,0.4482,0.0,0.0,0.694,1.3264,0.0,-1.0982,-0.1197,0.6719,-0.3442,0.0,0.0,0.0,0.0,3.1188,2.5891,6.0194
158.287,-1.5708,-1.1072,-0.7896,0.0,0.0,0.7133,-0.4049,0.0,-1.1077,-0.1197,0.6584,-0.3442,0.0,0.0,0.0,0.0,3.1188,2.5891,6.0194
158.387,-1.5708,-1.2388,-1.742,0.0,0.0,0.6312,-1.2523,0.0,-1.1172,-0.1197,0.6449,-0.3442,0.0,0.0,0.0,0.0,3.1188,2.5891,6.0194
158.487,-1.5708,-1.4366,-2.1116,0.0,0.0,0.4637,-2.0357,0.0,-1.1266,-0.1197,0.6314,-0.3442,0.0,0.0,0.0,0.0,3.1188,2.5891,6.0194
158.587,-1.5708,-1.6434,-1.9287,0.0,0.0,0.2449,-2.1812,0.0,-1.1361,-0.1197,0.6179,-0.3442,0.0,0.0,0.0,0.0,3.1188,2.5891,6.0194
158.687,-1.5708,-1.8094,-1.3174,0.0,0.0,0.0518,-1.5761,0.0,-1.1456,-0.1197,0.6044,-0.3442,0.0,0.0,0.0,0.0,3.1188,2.5891,6.0194
158.886,-1.5708,-1.8952,0.4055,0.0,0.0,-0.0874,-0.001,0.0,-1.1646,-0.1197,0.5774,-0.3442,0.0,0.0,0.0,0.0,3.1188,2.5891,6.0194
158.987,-1.5708,-1.82,1.0498,0.0,0.0,-0.0875,0.0037,0.0,-1.1741,-0.1197,0.5639,-0.3442,0.0,0.0,0.0,0.0,3.1188,2.5891,6.0194
159.087,-1.5708,-1.6955,1.3636,0.0,0.0,-0.0873,0.0075,0.0,-1.1836,-0.1197,0.5504,-0.3442,0.0,0.0,0.0,0.0,3.1188,2.5891,6.0194
159.187,-1.5708,-1.5593,1.2832,0.0,0.0,-0.0872,0.0026,0.0,-1.1931,-0.1197,0.537,-0.3442,0.0,0.0,0.0,0.0,3.1188,2.5891,6.0194
159.287,-1.5708,-1.4498,0.8607,0.0,0.0,-0.0868,0.0074,0.0,-1.2026,-0.1197,0.5235,-0.3442,0.0,0.0,0.0,0.0,3.1188,2.5891,6.0194
159.387,-1.5708,-1.3938,0.242,0.0,0.0,-0.0859,0.0009,0.0,-1.2121,-0.1197,0.51,-0.3442,0.0,0.0,0.0,0.0,3.1188,2.5891,6.0194
159.487,-1.5708,-1.3959,-0.1989,0.0,0.0,-0.0856,-0.0018,0.0,-1.2216,-0.1197,0.4965,-0.3442,0.0,0.0,0.0,0.0,3.1188,2.5891,6.0194
159.586,-1.5708,-1.4289,-0.4395,0.0,0.0,-0.0855,-0.0007,0.0,-1.231,-0.1197,0.483,-0.3442,0.0,0.0,0.0,0.0,3.1188,2.5891,6.0194
159.686,-1.5708,-1.4795,-0.5417,0.0,0.0,-0.0854,0.0022,0.0,-1.2405,-0.1197,0.4695,-0.3442,0.0,0.0,0.0,0.0,3.1188,2.5891,6.0194
159.787,-1.5708,-1.5321,-0.488,0.0,0.0,-0.0854,0.0026,0.0,-1.25,-0.1197,0.456,-0.3442,0.0,0.0,0.0,0.0,3.1188,2.5891,6.0194
159.887,-1.5708,-1.5728,-0.306,0.0,0.0,-0.0855,0.0022,0.0,-1.2595,-0.1197,0.4425,-0.3442,0.0,0.0,0.0,0.0,3.1188,2.5891,6.0194
160.087,-1.5708,-1.5917,0.0004,0.0,0.0,-0.0856,-0.0007,0.0,-1.2785,-0.1197,0.4155,-0.3442,0.0,0.0,0.0,0.0,3.1188,2.5891,6.0194
160.287,-1.5708,-1.5916,0.0004,0.0,0.0,-0.0858,-0.0007,0.0,-1.2975,-0.1197,0.3886,-0.3442,0.0,0.0,0.0,0.0,3.1188,2.5891,6.0194
160.387,-1.5708,-1.5915,0.0004,0.0,0.0,-0.0858,-0.0007,0.0,-1.307,-0.1197,0.3751,-0.3442,0.0,0.0,0.0,0.0,3.1188,2.5891,6.0194
160.487,-1.5708,-1.5915,0.0004,0.0,0.0,-0.0859,-0.0007,0.0,-1.3165,-0.1197,0.3616,-0.3442,0.0,0.0,0.0,0.0,3.1188,2.5891,6.0194
160.587,-1.5708,-1.5915,0.0004,0.0,0.0,-0.086,-0.0007,0.0,-1.3259,-0.1197,0.3481,-0.3442,0.0,0.0,0.0,0.0,3.1188,2.5891,6.0194
160.687,-1.5708,-1.5914,0.0004,0.0,0.0,-0.086,-0.0007,0.0,-1.3354,-0.1197,0.3346,-0.3442,0.0,0.0,0.0,0.0,3.1188,2.5891,6.0194
160.786,-1.5708,-1.5914,0.0004,0.0,0.0,-0.0861,-0.0007,0.0,-1.3449,-0.1197,0.3211,-0.3442,0.0,0.0,0.0,0.0,3.1188,2.5891,6.0194
160.987,-1.5708,-1.5913,0.0004,0.0,0.0,-0.0862,-0.0007,0.0,-1.3639,-0.1197,0.2941,-0.3442,0.0,0.0,0.0,0.0,3.1188,2.5891,6.0194
161.087,-1.5708,-1.5912,0.0004,0.0,0.0,-0.0863,-0.0007,0.0,-1.3734,-0.1197,0.2806,-0.3442,0.0,0.0,0.0,0.0,3.1188,2.5891,6.0194
161.187,-1.5708,-1.5912,0.0004,0.0,0.0,-0.0864,-0.0007,0.0,-1.3829,-0.1197,0.2671,-0.3442,0.0,0.0,0.0,0.0,3.1188,2.5891,6.0194
161.287,-1.5708,-1.5912,0.0004,0.0,0.0,-0.0865,-0.0007,0.0,-1.3924,-0.1197,0.2536,-0.3442,0.0,0.0,0.0,0.0,3.1188,2.5891,6.0194
161.387,-1.5708,-1.5911,0.0004,0.0,0.0,-0.0865,-0.0007,0.0,-1.4019,-0.1197,0.2401,-0.3442,0.0,0.0,0.0,0.0,3.1188,2.5891,6.0194
161.486,-1.5708,-1.5911,0.0004,0.0,0.0,-0.0866,-0.0007,0.0,-1.4114,-0.1197,0.2267,-0.3442,0.0,0.0,0.0,0.0,3.1188,2.5891,6.0194
161.587,-1.5708,-1.591,0.0004,0.0,0.0,-0.0867,-0.0007,0.0,-1.4208,-0.1197,0.2132,-0.3442,0.0,0.0,0.0,0.0,3.1188,2.5891,6.0194
161.687,-1.5708,-1.591,0.0004,0.0,0.0,-0.0867,-0.0007,0.0,-1.4303,-0.1197,0.1997,-0.3442,0.0,0.0,0.0,0.0,3.1188,2.5891,6.0194
161.786,-1.5708,-1.5909,0.0004,0.0,0.0,-0.0868,-0.0007,0.0,-1.4398,-0.1197,0.1862,-0.3442,0.0,0.0,0.0,0.0,3.1188,2.5891,6.0194
161.886,-1.5708,-1.5909,0.0004,0.0,0.0,-0.0869,-0.0007,0.0,-1.4493,-0.1197,0.1727,-0.3442,0.0,0.0,0.0,0.0,3.1188,2.5891,6.0194
162.087,-1.5708,-1.5908,0.0004,0.0,0.0,-0.087,-0.0007,0.0,-1.4683,-0.1197,0.1457,-0.3442,0.0,0.0,0.0,0.0,3.1188,2.5891,6.0194
162.087,-1.5708,-1.5908,0.0004,0.0,0.0,-0.087,-0.0007,0.0,-1.4683,-0.1197,0.1457,-0.3442,0.0,0.0,0.0,0.0,3.1188,2.5891,6.0194
162.187,-1.5708,-1.5908,0.0004,0.0,0.0,-0.0871,-0.0007,0.0,-1.4778,-0.1197,0.1322,-0.3442,0.0,0.0,0.0,0.0,3.1188,2.5891,6.0194
162.387,-1.5708,-1.5907,0.0004,0.0,0.0,-0.0872,-0.0007,0.0,-1.4968,-0.1197,0.1052,-0.3442,0.0,0.0,0.0,0.0,3.1188,2.5891,6.0194
162.387,-1.5708,-1.5907,0.0004,0.0,0.0,-0.0872,-0.0007,0.0,-1.4968,-0.1197,0.1052,-0.3442,0.0,0.0,0.0,0.0,3.1188,2.5891,6.0194
162.587,-1.5708,-1.5906,0.0004,0.0,0.0,-0.0874,-0.0007,0.0,-1.5158,-0.1197,0.0783,-0.3442,0.0,0.0,0.0,0.0,3.1188,2.5891,6.0194
162.686,-1.5708,-1.5905,0.0004,0.0,0.0,-0.0874,-0.0007,0.0,-1.5252,-0.1197,0.0648,-0.3442,0.0,0.0,0.0,0.0,3.1188,2.5891,6.0194
162.787,-1.5708,-1.5905,0.0004,0.0,0.0,-0.0875,-0.0007,0.0,-1.5347,-0.1197,0.0513,-0.3442,0.0,0.0,0.0,0.0,3.1188,2.5891,6.0194
162.887,-1.5708,-1.5904,0.0004,0.0,0.0,-0.0876,-0.0007,0.0,-1.5442,-0.1197,0.0378,-0.3442,0.0,0.0,0.0,0.0,3.1188,2.5891,6.0194
162.987,-1.5708,-1.5904,0.0004,0.0,0.0,-0.0876,-0.0007,0.0,-1.5537,-0.1197,0.0243,-0.3442,0.0,0.0,0.0,0.0,3.1188,2.5891,6.0194
163.186,-1.5708,-1.5903,0.0004,0.0,0.0,-0.0878,-0.0007,0.0,-1.5708,-0.1197,0.0,-0.3442,0.0,0.0,0.0,0.0,3.1188,2.5891,6.0194
163.287,-1.5708,-1.5903,0.0004,0.0,0.0,-0.0879,-0.0007,0.0,-1.5708,-0.1197,0.0,-0.3442,0.0,0.0,0.0,0.0,3.1188,2.5891,6.0194
163.287,-1.5708,-1.5903,0.0004,0.0,0.0,-0.0879,-0.0007,0.0,-1.5708,-0.1197,0.0,-0.3442,0.0,0.0,0.0,0.0,3.1188,2.5891,6.0194
163.487,-1.5708,-1.5902,0.0004,0.0,0.0,-0.088,-0.0007,0.0,-1.5708,-0.1197,0.0,-0.3442,0.0,0.0,0.0,0.0,3.1188,2.5891,6.0194
163.587,-1.5708,-1.5901,0.0004,0.0,0.0,-0.0881,-0.0007,0.0,-1.5708,-0.1197,0.0,-0.3442,0.0,0.0,0.0,0.0,3.1188,2.5891,6.0194
163.587,-1.5708,-1.5901,0.0004,0.0,0.0,-0.0881,-0.0007,0.0,-1.5708,-0.1197,0.0,-0.3442,0.0,0.0,0.0,0.0,3.1188,2.5891,6.0194
163.787,-1.5708,-1.5901,0.0004,0.0,0.0,-0.0882,-0.0007,0.0,-1.5708,-0.1197,0.0,-0.3442,0.0,0.0,0.0,0.0,3.1188,2.5891,6.0194
163.887,-1.5708,-1.59,0.0004,0.0,0.0,-0.0883,-0.0007,0.0,-1.5708,-0.1197,0.0,-0.3442,0.0,0.0,0.0,0.0,3.1188,2.5891,6.0194
163.987,-1.5708,-1.59,0.0004,0.0,0.0,-0.0883,-0.0007,0.0,-1.5708,-0.1197,0.0,-0.3442,0.0,0.0,0.0,0.0,3.1188,2.5891,6.0194
164.087,-1.5708,-1.5899,0.0004,0.0,0.0,-0.0884,-0.0007,0.0,-1.5708,-0.1197,0.0,-0.3442,0.0,0.0,0.0,0.0,3.1188,2.5891,6.0194
164.187,-1.5708,-1.5899,0.0004,0.0,0.0,-0.0885,-0.0007,0.0,-1.5708,-0.1197,0.0,-0.3442,0.0,0.0,0.0,0.0,3.1188,2.5891,6.0194
164.387,-1.5708,-1.5898,0.0004,0.0,0.0,-0.0886,-0.0007,0.0,-1.5708,-0.1197,0.0,-0.3442,0.0,0.0,0.0,0.0,3.1188,2.5891,6.0194
164.487,-1.5708,-1.5897,0.0004,0.0,0.0,-0.0887,-0.0007,0.0,-1.5708,-0.1197,0.0,-0.3442,0.0,0.0,0.0,0.0,3.1188,2.5891,6.0194
164.586,-1.5708,-1.5897,0.0004,0.0,0.0,-0.0888,-0.0007,0.0,-1.5708,-0.1197,0.0,-0.3442,0.0,0.0,0.0,0.0,3.1188,2.5891,6.0194
164.687,-1.5708,-1.5897,0.0004,0.0,0.0,-0.0888,-0.0007,0.0,-1.5708,-0.1197,0.0,-0.3442,0.0,0.0,0.0,0.0,3.1188,2.5891,6.0194
164.787,-1.5708,-1.5896,0.0004,0.0,0.0,-0.0889,-0.0007,0.0,-1.5708,-0.1197,0.0,-0.3442,0.0,0.0,0.0,0.0,3.1188,2.5891,6.0194
164.886,-1.5708,-1.5896,0.0004,0.0,0.0,-0.089,-0.0007,0.0,-1.5708,-0.1197,0.0,-0.3442,0.0,0.0,0.0,0.0,3.1188,2.5891,6.0194
164.986,-1.5708,-1.5895,0.0004,0.0,0.0,-0.089,-0.0007,0.0,-1.5708,-0.1197,0.0,-0.3442,0.0,0.0,0.0,0.0,3.1188,2.5891,6.0194
165.087,-1.5708,-1.5895,0.0004,0.0,0.0,-0.0891,-0.0007,0.0,-1.5708,-0.1197,0.0,-0.3442,0.0,0.0,0.0,0.0,3.1188,2.5891,6.0194
165.187,-1.5708,-1.5894,0.0004,0.0,0.0,-0.0892,-0.0007,0.0,-1.5708,-0.1197,0.0,-0.3442,0.0,0.0,0.0,0.0,3.1188,2.5891,6.0194
165.287,-1.5708,-1.5894,0.0004,0.0,0.0,-0.0893,-0.0007,0.0,-1.5708,-0.1197,0.0,-0.3442,0.0,0.0,0.0,0.0,3.1188,2.5891,6.0194
165.387,-1.5708,-1.5893,0.0004,0.0,0.0,-0.0893,-0.0007,0.0,-1.5708,-0.1197,0.0,-0.3442,0.0,0.0,0.0,0.0,3.1188,2.5891,6.0194
165.587,-1.5708,-1.5893,0.0004,0.0,0.0,-0.0895,-0.0007,0.0,-1.5708,-0.1197,0.0,-0.3442,0.0,0.0,0.0,0.0,3.1188,2.5891,6.0194
165.686,-1.5708,-1.5892,0.0004,0.0,0.0,-0.0895,-0.0007,0.0,-1.5708,-0.1197,0.0,-0.3442,0.0,0.0,0.0,0.0,3.1188,2.5891,6.0194
165.787,-1.5708,-1.5892,0.0004,0.0,0.0,-0.0896,-0.0007,0.0,-1.5708,-0.1197,0.0,-0.3442,0.0,0.0,0.0,0.0,3.1188,2.5891,6.0194
165.787,-1.5708,-1.5892,0.0004,0.0,0.0,-0.0896,-0.0007,0.0,-1.5708,-0.1197,0.0,-0.3442,0.0,0.0,0.0,0.0,3.1188,2.5891,6.0194
165.986,-1.5708,-1.5891,0.0004,0.0,0.0,-0.0897,-0.0007,0.0,-1.5708,-0.1197,0.0,-0.3442,0.0,0.0,0.0,0.0,3.1188,2.5891,6.0194
166.087,-1.5708,-1.589,0.0004,0.0,0.0,-0.0898,-0.0007,0.0,-1.5708,-0.1197,0.0,-0.3442,0.0,0.0,0.0,0.0,3.1188,2.5891,6.0194
166.087,-1.5708,-1.589,0.0004,0.0,0.0,-0.0898,-0.0007,0.0,-1.5708,-0.1197,0.0,-0.3442,0.0,0.0,0.0,0.0,3.1188,2.5891,6.0194
166.287,-1.5708,-1.589,0.0004,0.0,0.0,-0.09,-0.0007,0.0,-1.5708,-0.1197,0.0,-0.3442,0.0,0.0,0.0,0.0,3.1188,2.5891,6.0194
166.387,-1.5708,-1.5889,0.0004,0.0,0.0,-0.09,-0.0007,0.0,-1.5708,-0.1197,0.0,-0.3442,0.0,0.0,0.0,0.0,3.1188,2.5891,6.0194
166.486,-1.5708,-1.5889,0.0004,0.0,0.0,-0.0901,-0.0007,0.0,-1.5708,-0.1197,0.0,-0.3442,0.0,0.0,0.0,0.0,3.1188,2.5891,6.0194
166.586,-1.5708,-1.5888,0.0004,-0.002,0.0,-0.0902,-0.0007,-0.0038,-1.5888,0.0006,-0.0901,0.0007,0.0,0.0,0.0,0.0,0.0,0.0,0.0043
166.586,-1.5708,-1.5888,0.0004,-0.002,0.0,-0.0902,-0.0007,-0.0038,-1.5888,0.0006,-0.0901,0.0007,0.0,0.0,0.0,0.0,0.0,0.0,0.0043
166.688,-1.5708,-1.5888,0.0004,-0.0013,0.0,-0.0902,-0.0007,-0.0027,-1.5883,0.0055,-0.0896,0.0057,0.0,0.0,0.0,0.0,0.0,0.0,0.003
166.789,-1.5708,-1.5888,0.0004,0.0021,0.0,-0.0903,-0.0007,0.0014,-1.5863,0.0146,-0.0875,0.0152,0.0,0.0,0.0,0.0,0.0,0.0,0.0026
166.789,-1.5708,-1.5888,0.0004,0.0021,0.0,-0.0903,-0.0007,0.0014,-1.5863,0.0146,-0.0875,0.0152,0.0,0.0,0.0,0.0,0.0,0.0,0.0026
166.889,-1.5708,-1.5887,0.0004,0.0106,0.0,-0.0903,-0.0007,0.0107,-1.5822,0.0272,-0.0832,0.0285,0.0,0.0,0.0,0.0,0.0,0.0,0.0151
166.889,-1.5708,-1.5887,0.0004,0.0106,0.0,-0.0903,-0.0007,0.0107,-1.5822,0.0272,-0.0832,0.0285,0.0,0.0,0.0,0.0,0.0,0.0,0.0151
166.989,-1.5708,-1.5887,0.0004,0.0265,0.0,-0.0904,-0.0007,0.0279,-1.5752,0.0429,-0.0759,0.0448,0.0,0.0,0.0,0.0,0.0,0.0,0.0385
166.989,-1.5708,-1.5887,0.0004,0.0265,0.0,-0.0904,-0.0007,0.0279,-1.5752,0.0429,-0.0759,0.0448,0.0,0.0,0.0,0.0,0.0,0.0,0.0385
167.091,-1.5708,-1.5887,0.0004,0.0532,0.0,-0.0904,-0.0007,0.0564,-1.5649,0.061,-0.0651,0.0637,0.0,0.0,0.0,0.0,0.0,0.0,0.0775
167.091,-1.5708,-1.5887,0.0004,0.0532,0.0,-0.0904,-0.0007,0.0564,-1.5649,0.061,-0.0651,0.0637,0.0,0.0,0.0,0.0,0.0,0.0,0.0775
167.192,-1.5708,-1.5886,0.0004,0.0924,0.0,-0.0905,-0.0007,0.0981,-1.5507,0.0809,-0.0503,0.0846,0.0,0.0,0.0,0.0,0.0,0.0,0.1348
167.192,-1.5708,-1.5886,0.0004,0.0924,0.0,-0.0905,-0.0007,0.0981,-1.5507,0.0809,-0.0503,0.0846,0.0,0.0,0.0,0.0,0.0,0.0,0.1348
167.293,-1.5708,-1.5886,0.0004,0.1489,0.0,-0.0905,-0.0007,0.1578,-1.5324,0.1022,-0.0312,0.1068,0.0,0.0,0.0,0.0,0.0,0.0,0.2169
167.393,-1.5708,-1.5886,0.0004,0.2231,0.0,-0.0906,-0.0007,0.2362,-1.5098,0.1243,-0.0075,0.13,0.0,0.0,0.0,0.0,0.0,0.0,0.3249
167.393,-1.5708,-1.5886,0.0004,0.2231,0.0,-0.0906,-0.0007,0.2362,-1.5098,0.1243,-0.0075,0.13,0.0,0.0,0.0,0.0,0.0,0.0,0.3249
167.393,-1.5708,-1.5886,0.0004,0.2231,0.0,-0.0906,-0.0007,0.2362,-1.5098,0.1243,-0.0075,0.13,0.0,0.0,0.0,0.0,0.0,0.0,0.3249
167.494,-1.5708,-1.5886,-0.0006,0.3192,0.0,-0.087,0.2444,0.3256,-1.4827,0.1469,0.0208,0.1536,0.0,0.0,0.0,0.0,0.0,0.0,0.456
167.494,-1.5708,-1.5886,-0.0006,0.3192,0.0,-0.087,0.2444,0.3256,-1.4827,0.1469,0.0208,0.1536,0.0,0.0,0.0,0.0,0.0,0.0,0.456
167.595,-1.5708,-1.5886,0.0041,0.4425,0.0,-0.0487,0.7141,0.2892,-1.4511,0.1695,0.0539,0.1772,0.0,0.0,0.0,0.0,0.0,0.0,0.5287
167.595,-1.5708,-1.5886,0.0041,0.4425,0.0,-0.0487,0.7141,0.2892,-1.4511,0.1695,0.0539,0.1772,0.0,0.0,0.0,0.0,0.0,0.0,0.5287
167.694,-1.5708,-1.5844,0.1307,0.5731,0.0,0.0002,0.525,0.2036,-1.4149,0.1917,0.0917,0.2004,0.0,0.0,0.0,0.0,0.0,0.0,0.6082
167.794,-1.5708,-1.5677,0.2969,0.679,0.0,0.0234,0.1248,0.2341,-1.3744,0.2132,0.134,0.2228,0.0,0.0,0.0,0.0,0.0,0.0,0.7182
167.794,-1.5708,-1.5677,0.2969,0.679,0.0,0.0234,0.1248,0.2341,-1.3744,0.2132,0.134,0.2228,0.0,0.0,0.0,0.0,0.0,0.0,0.7182
167.895,-1.5708,-1.5406,0.3531,0.7677,0.0,0.0314,0.1649,0.3538,-1.3297,0.2336,0.1807,0.2442,0.0,0.0,0.0,0.0,0.0,0.0,0.8452
167.895,-1.5708,-1.5406,0.3531,0.7677,0.0,0.0314,0.1649,0.3538,-1.3297,0.2336,0.1807,0.2442,0.0,0.0,0.0,0.0,0.0,0.0,0.8452
167.995,-1.5708,-1.5136,0.3131,0.8736,0.0,0.0589,0.5216,0.4283,-1.2811,0.2526,0.2316,0.2641,0.0,0.0,0.0,0.0,0.0,0.0,0.9729
167.995,-1.5708,-1.5136,0.3131,0.8736,0.0,0.0589,0.5216,0.4283,-1.2811,0.2526,0.2316,0.2641,0.0,0.0,0.0,0.0,0.0,0.0,0.9729
168.095,-1.5708,-1.4894,0.3104,1.3984,0.0,0.1102,0.7257,0.555,0.178,0.1335,1.0369,-0.4004,0.0,0.0,0.0,0.0,0.0,0.0,1.5045
168.095,-1.5708,-1.4894,0.3104,1.3984,0.0,0.1102,0.7257,0.555,0.178,0.1335,1.0369,-0.4004,0.0,0.0,0.0,0.0,0.0,0.0,1.5045
168.194,-1.5708,-1.4567,0.5476,2.3197,0.0,0.1731,0.7885,0.7087,0.2055,0.1412,0.9544,-0.4235,0.0,0.0,0.0,0.0,0.0,0.0,2.4255
168.294,-1.5708,-1.3949,1.0113,3.1253,0.0,0.2278,0.5362,0.7972,0.2344,0.1479,0.8677,-0.4436,0.0,0.0,0.0,0.0,0.0,0.0001,3.2254
168.294,-1.5708,-1.3949,1.0113,3.1253,0.0,0.2278,0.5362,0.7972,0.2344,0.1479,0.8677,-0.4436,0.0,0.0,0.0,0.0,0.0,0.0001,3.2254
168.395,-1.5708,-1.2913,1.5114,3.7506,0.0,0.2588,0.254,0.8912,0.2645,0.1534,0.7772,-0.4603,0.0,0.0,0.0,0.0,0.0,0.0002,3.8551
168.395,-1.5708,-1.2913,1.5114,3.7506,0.0,0.2588,0.254,0.8912,0.2645,0.1534,0.7772,-0.4603,0.0,0.0,0.0,0.0,0.0,0.0002,3.8551
168.495,-1.5708,-1.1467,1.8588,4.1914,0.0,0.2766,0.2046,0.964,0.2957,0.1579,0.6838,-0.4736,0.0,0.0,0.0,0.0,0.0,0.0003,4.3008
168.495,-1.5708,-1.1467,1.8588,4.1914,0.0,0.2766,0.2046,0.964,0.2957,0.1579,0.6838,-0.4736,0.0,0.0,0.0,0.0,0.0,0.0003,4.3008
168.595,-1.5708,-0.9782,1.9633,4.4882,0.0,0.2969,0.249,0.9592,0.3276,0.161,0.588,-0.4831,0.0,0.0,0.0,0.0,0.0,0.0004,4.5895
168.595,-1.5708,-0.9782,1.9633,4.4882,0.0,0.2969,0.249,0.9592,0.3276,0.161,0.588,-0.4831,0.0,0.0,0.0,0.0,0.0,0.0004,4.5895
168.695,-1.5708,-0.815,1.8583,4.705,0.0,0.3141,0.1198,0.8901,0.36,0.163,0.4907,-0.4889,0.0,0.0,0.0,0.0,0.0,0.0005,4.7884
168.695,-1.5708,-0.815,1.8583,4.705,0.0,0.3141,0.1198,0.8901,0.36,0.163,0.4907,-0.4889,0.0,0.0,0.0,0.0,0.0,0.0005,4.7884
168.795,-1.5708,-0.6675,1.5689,4.9047,0.0,0.3164,0.0015,0.8077,0.3927,0.1636,0.3927,-0.4909,0.0,0.0,0.0,0.0,0.0,0.0006,4.9708
168.795,-1.5708,-0.6675,1.5689,4.9047,0.0,0.3164,0.0015,0.8077,0.3927,0.1636,0.3927,-0.4909,0.0,0.0,0.0,0.0,0.0,0.0006,4.9708
168.895,-1.5708,-0.5459,1.1541,5.1522,0.0,0.3166,0.0019,0.6748,0.4254,0.163,0.2947,-0.4889,0.0,0.0,0.0,0.0,0.0,0.0007,5.1962
168.995,-1.5708,-0.4601,0.7664,5.4801,0.0,0.3158,-0.0638,0.4872,0.4578,0.161,0.1974,-0.4831,0.0,0.0,0.0,0.0,0.0,0.001,5.5017
168.995,-1.5708,-0.4601,0.7664,5.4801,0.0,0.3158,-0.0638,0.4872,0.4578,0.161,0.1974,-0.4831,0.0,0.0,0.0,0.0,0.0,0.001,5.5017
169.095,-1.5708,-0.4017,0.6216,5.8674,0.0,0.2808,-0.8318,0.3646,0.4897,0.1579,0.1016,-0.4736,0.0,0.0,0.0,0.0,0.0,0.0015,5.8788
169.095,-1.5708,-0.4017,0.6216,5.8674,0.0,0.2808,-0.8318,0.3646,0.4897,0.1579,0.1016,-0.4736,0.0,0.0,0.0,0.0,0.0,0.0015,5.8788
169.194,-1.5708,-0.3504,0.5695,6.2644,0.0,0.1763,-1.4763,0.477,0.5209,0.1534,0.0082,-0.4603,0.0,0.0,0.0,0.0,0.0,0.0022,6.2825
169.295,-1.5708,-0.31,0.4952,6.5953,0.0,0.0655,-1.3581,0.6511,0.5481,0.1485,-0.0734,-0.4454,0.0,0.0,0.0,0.0,0.0,0.0031,6.6273
169.295,-1.5708,-0.31,0.4952,6.5953,0.0,0.0655,-1.3581,0.6511,0.5481,0.1485,-0.0734,-0.4454,0.0,0.0,0.0,0.0,0.0,0.0031,6.6273
169.396,-1.5708,-0.2789,0.4523,6.8852,0.0,-0.011,-0.9358,0.7491,0.5685,0.144,-0.1348,-0.4319,0.0,0.0,0.0,0.0,0.0,0.0042,6.9258
169.498,-1.5708,-0.2466,0.4749,6.9626,0.0,-0.0624,-0.5676,0.7381,0.5883,0.139,-0.1942,-0.4169,0.0,0.0,0.0,0.0091,0.0,0.0045,7.0016
169.498,-1.5708,-0.2466,0.4749,6.9626,0.0,-0.0624,-0.5676,0.7381,0.5883,0.139,-0.1942,-0.4169,0.0,0.0,0.0,0.0091,0.0,0.0045,7.0016
169.598,-1.5708,-0.2076,0.5493,6.9485,0.0,-0.1011,-0.5014,0.6537,0.6127,0.1318,-0.2674,-0.3955,0.0,0.0,0.0,0.0,0.0,0.0044,6.9791
